# Generated by tools/armor_parts.py: Valheim armor item, its 3D part's model, where it's worn
bronze_helmet	armor3d/bronze_helmet_point	HEAD
iron_helmet	armor3d/iron_helmet_point	HEAD
leather_helmet	armor3d/leather_helmet_point	HEAD
wolf_helmet	armor3d/wolf_helmet_horns	HEAD
flametal_helmet	armor3d/flametal_helmet_antlers	HEAD
caller_helmet	armor3d/caller_helmet_skull	HEAD
bear_helmet	armor3d/bear_helmet_head	HEAD
protector_helmet	armor3d/protector_helmet_wings	HEAD
root_helmet	armor3d/root_helmet_branches	HEAD
carapace_helmet	armor3d/carapace_helmet_crest	HEAD
vilebone_helmet	armor3d/vilebone_helmet_tusks	HEAD
lox_helmet	armor3d/lox_helmet_fringe	HEAD
fishing_helmet	armor3d/fishing_helmet_brim	HEAD
crown_helmet	armor3d/crown_helmet_points	HEAD
dverger_helmet	armor3d/dverger_helmet_stone	HEAD
bronze_chestplate	armor3d/bronze_chestplate_right_arm	RIGHT_ARM
bronze_chestplate	armor3d/bronze_chestplate_left_arm	LEFT_ARM
padded_chestplate	armor3d/padded_chestplate_right_arm	RIGHT_ARM
padded_chestplate	armor3d/padded_chestplate_left_arm	LEFT_ARM
flametal_chestplate	armor3d/flametal_chestplate_right_arm	RIGHT_ARM
flametal_chestplate	armor3d/flametal_chestplate_left_arm	LEFT_ARM
carapace_chestplate	armor3d/carapace_chestplate_right_arm	RIGHT_ARM
carapace_chestplate	armor3d/carapace_chestplate_left_arm	LEFT_ARM
protector_chestplate	armor3d/protector_chestplate_right_arm	RIGHT_ARM
protector_chestplate	armor3d/protector_chestplate_left_arm	LEFT_ARM
iron_chestplate	armor3d/iron_chestplate_right_arm	RIGHT_ARM
iron_chestplate	armor3d/iron_chestplate_left_arm	LEFT_ARM
wolf_chestplate	armor3d/wolf_chestplate_mantle	BODY
protector_chestplate	armor3d/protector_chestplate_mantle	BODY
vanguard_chestplate	armor3d/vanguard_chestplate_mantle	BODY
bear_chestplate	armor3d/bear_chestplate_mantle	BODY
fenris_chestplate	armor3d/fenris_chestplate_mantle	BODY
