# Generated by tools/armor_sets.py: id, Valheim prefab, slot, equipment asset, defense, toughness, knockback resistance, Valheim durability, sound, repair
leather_helmet	HelmetLeather	helmet	leather	1	0.0	0.0	400	leather	leather
leather_chestplate	ArmorLeatherChest	chestplate	leather	3	0.0	0.0	400	leather	leather
leather_leggings	ArmorLeatherLegs	leggings	leather	2	0.0	0.0	400	leather	leather
leather_boots	-	boots	leather	1	0.0	0.0	400	leather	leather
troll_helmet	HelmetTrollLeather	helmet	troll	2	0.0	0.0	500	leather	leather
troll_chestplate	ArmorTrollLeatherChest	chestplate	troll	5	0.0	0.0	500	leather	leather
troll_leggings	ArmorTrollLeatherLegs	leggings	troll	3	0.0	0.0	500	leather	leather
troll_boots	-	boots	troll	2	0.0	0.0	500	leather	leather
bronze_helmet	HelmetBronze	helmet	bronze	3	0.0	0.0	1000	iron	iron
bronze_chestplate	ArmorBronzeChest	chestplate	bronze	5	0.0	0.0	1000	iron	iron
bronze_leggings	ArmorBronzeLegs	leggings	bronze	3	0.0	0.0	1000	iron	iron
bronze_boots	-	boots	bronze	2	0.0	0.0	1000	iron	iron
root_helmet	HelmetRoot	helmet	root	3	0.0	0.0	800	leather	leather
root_chestplate	ArmorRootChest	chestplate	root	5	0.0	0.0	800	leather	leather
root_leggings	ArmorRootLegs	leggings	root	3	0.0	0.0	800	leather	leather
root_boots	-	boots	root	2	0.0	0.0	800	leather	leather
iron_helmet	HelmetIron	helmet	iron	3	0.0	0.0	1000	iron	iron
iron_chestplate	ArmorIronChest	chestplate	iron	6	0.0	0.0	1000	iron	iron
iron_leggings	ArmorIronLegs	leggings	iron	4	0.0	0.0	1000	iron	iron
iron_boots	-	boots	iron	2	0.0	0.0	1000	iron	iron
fenris_helmet	HelmetFenring	helmet	fenris	3	0.0	0.0	1000	leather	leather
fenris_chestplate	ArmorFenringChest	chestplate	fenris	6	0.0	0.0	1000	leather	leather
fenris_leggings	ArmorFenringLegs	leggings	fenris	3	0.0	0.0	1000	leather	leather
fenris_boots	-	boots	fenris	2	0.0	0.0	1000	leather	leather
wolf_helmet	HelmetDrake	helmet	wolf	3	0.0	0.0	1000	iron	iron
wolf_chestplate	ArmorWolfChest	chestplate	wolf	7	0.0	0.0	1000	iron	iron
wolf_leggings	ArmorWolfLegs	leggings	wolf	4	0.0	0.0	1000	iron	iron
wolf_boots	-	boots	wolf	3	0.0	0.0	1000	iron	iron
lox_helmet	HelmetLox	helmet	lox	3	0.0	0.0	500	leather	leather
lox_chestplate	ArmorLoxChest	chestplate	lox	6	0.0	0.0	500	leather	leather
lox_leggings	ArmorLoxLegs	leggings	lox	4	0.0	0.0	500	leather	leather
lox_boots	-	boots	lox	2	0.0	0.0	500	leather	leather
padded_helmet	HelmetPadded	helmet	padded	4	1.0	0.0	1000	iron	iron
padded_chestplate	ArmorPaddedCuirass	chestplate	padded	8	1.0	0.0	1000	iron	iron
padded_leggings	ArmorPaddedGreaves	leggings	padded	5	1.0	0.0	1000	iron	iron
padded_boots	-	boots	padded	3	1.0	0.0	1000	iron	iron
eitr_helmet	HelmetMage	helmet	eitr	3	0.0	0.0	1000	leather	leather
eitr_chestplate	ArmorMageChest	chestplate	eitr	6	0.0	0.0	1000	leather	leather
eitr_leggings	ArmorMageLegs	leggings	eitr	4	0.0	0.0	1000	leather	leather
eitr_boots	-	boots	eitr	2	0.0	0.0	1000	leather	leather
carapace_helmet	HelmetCarapace	helmet	carapace	4	2.0	0.05	1200	iron	netherite
carapace_chestplate	ArmorCarapaceChest	chestplate	carapace	8	2.0	0.05	1200	iron	netherite
carapace_leggings	ArmorCarapaceLegs	leggings	carapace	5	2.0	0.05	1200	iron	netherite
carapace_boots	-	boots	carapace	3	2.0	0.05	1200	iron	netherite
bear_helmet	HelmetBerserkerHood	helmet	bear	2	0.0	0.0	1000	leather	leather
bear_chestplate	ArmorBerserkerChest	chestplate	bear	5	0.0	0.0	1000	leather	leather
bear_leggings	ArmorBerserkerLegs	leggings	bear	3	0.0	0.0	1000	leather	leather
bear_boots	-	boots	bear	2	0.0	0.0	1000	leather	leather
vilebone_helmet	HelmetBerserkerUndead	helmet	vilebone	3	0.0	0.0	1000	leather	leather
vilebone_chestplate	ArmorBerserkerUndeadChest	chestplate	vilebone	7	0.0	0.0	1000	leather	leather
vilebone_leggings	ArmorBerserkerUndeadLegs	leggings	vilebone	4	0.0	0.0	1000	leather	leather
vilebone_boots	-	boots	vilebone	3	0.0	0.0	1000	leather	leather
ask_helmet	HelmetAshlandsMediumHood	helmet	ask	4	1.3	0.0	1000	leather	netherite
ask_chestplate	ArmorAshlandsMediumChest	chestplate	ask	8	1.3	0.0	1000	leather	netherite
ask_leggings	ArmorAshlandsMediumlegs	leggings	ask	5	1.3	0.0	1000	leather	netherite
ask_boots	-	boots	ask	3	1.3	0.0	1000	leather	netherite
embla_helmet	HelmetMage_Ashlands	helmet	embla	3	0.0	0.0	1000	leather	leather
embla_chestplate	ArmorMageChest_Ashlands	chestplate	embla	7	0.0	0.0	1000	leather	leather
embla_leggings	ArmorMageLegs_Ashlands	leggings	embla	4	0.0	0.0	1000	leather	leather
embla_boots	-	boots	embla	3	0.0	0.0	1000	leather	leather
flametal_helmet	HelmetFlametal	helmet	flametal	4	3.0	0.05	1000	netherite	netherite
flametal_chestplate	ArmorFlametalChest	chestplate	flametal	8	3.0	0.05	1000	netherite	netherite
flametal_leggings	ArmorFlametalLegs	leggings	flametal	5	3.0	0.05	1000	netherite	netherite
flametal_boots	-	boots	flametal	3	3.0	0.05	1000	netherite	netherite
protector_helmet	HelmetDNHeavy	helmet	protector	4	4.0	0.05	1000	netherite	netherite
protector_chestplate	ArmorDeepNorthHeavyChest	chestplate	protector	8	4.0	0.05	1000	netherite	netherite
protector_leggings	ArmorDeepNorthHeavylegs	leggings	protector	5	4.0	0.05	1000	netherite	netherite
protector_boots	-	boots	protector	3	4.0	0.05	1000	netherite	netherite
vanguard_helmet	HelmetDNMediumHood	helmet	vanguard	4	2.3	0.05	1000	leather	netherite
vanguard_chestplate	ArmorDeepNorthMediumChest	chestplate	vanguard	8	2.3	0.05	1000	leather	netherite
vanguard_leggings	ArmorDeepNorthMediumlegs	leggings	vanguard	5	2.3	0.05	1000	leather	netherite
vanguard_boots	-	boots	vanguard	3	2.3	0.05	1000	leather	netherite
caller_helmet	HelmetDNMage	helmet	caller	4	0.3	0.0	1000	leather	leather
caller_chestplate	ArmorDeepNorthMageChest	chestplate	caller	7	0.3	0.0	1000	leather	leather
caller_leggings	ArmorDeepNorthMagelegs	leggings	caller	4	0.3	0.0	1000	leather	leather
caller_boots	-	boots	caller	3	0.3	0.0	1000	leather	leather
fishing_helmet	HelmetFishingHat	helmet	fishing	3	0.0	0.0	1000	leather	leather
crown_helmet	HelmetCrownofValheim	helmet	crown	4	5.0	0.05	1000	gold	gold
dverger_helmet	HelmetDverger	helmet	dverger	1	0.0	0.0	1000	gold	gold
