# Generated by tools/gen_valheim_items.py from tools/valheim_items.tsv: id, Valheim prefab, kind, stack, effects
glowing_metal_ore	FlametalOre	item	64	
flametal_ore	FlametalOreNew	item	64	
bloodgold	Gold	item	64	
petrified_tissue	GoldOre	item	64	
black_metal_scrap	BlackMetalScrap	item	64	
bronze_scrap	BronzeScrap	item	64	
sulfur	SulfurStone	item	64	
proustite_powder	ProustitePowder	item	64	
acorns	Acorn	item	64	
beech_seeds	BeechSeeds	item	64	
birch_seeds	BirchSeeds	item	64	
fir_cone	FirCone	item	64	
timberwood_cone	FirConeFrost	item	64	
pine_cone	PineCone	item	64	
kale_seeds	KaleSeeds	item	64	
oat_seeds	OatSeeds	item	64	
onion_seeds	OnionSeeds	item	64	
poteitr_seeds	PoteitrSeeds	item	64	
ivy_seeds	VineGreenSeeds	item	64	
vineberry_seeds	VineberrySeeds	item	64	
minor_healing_mead	MeadHealthMinor	mead	10	instant_health:0:1; regeneration:0:10
medium_healing_mead	MeadHealthMedium	mead	10	instant_health:1:1; regeneration:0:10
major_healing_mead	MeadHealthMajor	mead	10	instant_health:1:1; regeneration:1:15
lingering_healing_mead	MeadHealthLingering	mead	10	regeneration:0:60
minor_stamina_mead	MeadStaminaMinor	mead	10	saturation:0:1; speed:0:30
medium_stamina_mead	MeadStaminaMedium	mead	10	saturation:1:1; speed:0:60
lingering_stamina_mead	MeadStaminaLingering	mead	10	saturation:0:1; speed:0:180
poison_resistance_mead	MeadPoisonResist	mead	10	cure:poison
minor_eitr_mead	MeadEitrMinor	mead	10	
lingering_eitr_mead	MeadEitrLingering	mead	10	
frost_resistance_mead	MeadFrostResist	mead	10	
tonic_of_ratatosk	MeadHasty	mead	10	speed:1:300
anti_sting_concoction	MeadBugRepellent	mead	10	
berserkir_mead	MeadBzerker	mead	10	strength:1:60; speed:0:60
lightfoot_mead	MeadLightfoot	mead	10	jump_boost:0:300; slow_falling:0:300
troll_endurance_mead	MeadStrength	mead	10	strength:0:300
draught_of_vananidir	MeadSwimmer	mead	10	dolphins_grace:0:300; water_breathing:0:300
brew_of_animal_whispers	MeadTamer	mead	10	
tasty_mead	MeadTasty	mead	10	saturation:2:1; regeneration:0:20
love_potion	MeadTrollPheromones	mead	10	glowing:0:60
fire_resistance_barley_wine	BarleyWine	mead	10	fire_resistance:0:600
mead_base_minor_healing	MeadBaseHealthMinor	item	10	
mead_base_medium_healing	MeadBaseHealthMedium	item	10	
mead_base_major_healing	MeadBaseHealthMajor	item	10	
mead_base_lingering_healing	MeadBaseHealthLingering	item	10	
mead_base_minor_stamina	MeadBaseStaminaMinor	item	10	
mead_base_medium_stamina	MeadBaseStaminaMedium	item	10	
mead_base_lingering_stamina	MeadBaseStaminaLingering	item	10	
mead_base_poison_resistance	MeadBasePoisonResist	item	10	
mead_base_minor_eitr	MeadBaseEitrMinor	item	10	
mead_base_lingering_eitr	MeadBaseEitrLingering	item	10	
mead_base_frost_resistance	MeadBaseFrostResist	item	10	
mead_base_ratatosk	MeadBaseHasty	item	10	
mead_base_anti_sting	MeadBaseBugRepellent	item	10	
mead_base_berserkir	MeadBaseBzerker	item	10	
mead_base_lightfoot	MeadBaseLightFoot	item	10	
mead_base_troll_endurance	MeadBaseStrength	item	10	
mead_base_vananidir	MeadBaseSwimmer	item	10	
mead_base_animal_whispers	MeadBaseTamer	item	10	
mead_base_tasty	MeadBaseTasty	item	10	
barley_wine_base	BarleyWineBase	item	10	
black_metal_atgeir	AtgeirBlackmetal	weapon	1	class=atgeir tier=4 durability=700 damage=10.1 speed=1.1
bronze_atgeir	AtgeirBronze	weapon	1	class=atgeir tier=1 durability=500 damage=8.0 speed=1.1
nord_atgeir	AtgeirGold	weapon	1	class=atgeir tier=1 durability=1600 damage=11.5 speed=1.1
thunderblood_atgeir	AtgeirGold_BloodLightning	weapon	1	class=atgeir tier=1 durability=1600 damage=12.2 speed=1.1
frostfire_atgeir	AtgeirGold_FrostFire	weapon	1	class=atgeir tier=1 durability=1600 damage=12.3 speed=1.1
himminafl	AtgeirHimminAfl	weapon	1	class=atgeir tier=5 durability=1000 damage=10.6 speed=1.1
iron_atgeir	AtgeirIron	weapon	1	class=atgeir tier=2 durability=700 damage=8.9 speed=1.1
berserkir_axes	AxeBerzerkr	weapon	1	class=battleaxe tier=6 durability=1200 damage=10.9 speed=0.9
bleeding_berserkir_axes	AxeBerzerkrBlood	weapon	1	class=battleaxe tier=6 durability=1200 damage=10.9 speed=0.9
thundering_berserkir_axes	AxeBerzerkrLightning	weapon	1	class=battleaxe tier=6 durability=1200 damage=11.0 speed=0.9
primal_berserkir_axes	AxeBerzerkrNature	weapon	1	class=battleaxe tier=6 durability=1200 damage=11.0 speed=0.9
black_metal_axe	AxeBlackMetal	weapon	1	class=axe tier=4 durability=700 damage=10.0 speed=1.0
bronze_axe	AxeBronze	weapon	1	class=axe tier=2 durability=500 damage=7.7 speed=1.0
early_axes	AxeEarly	weapon	1	class=axe tier=2 durability=700 damage=7.0 speed=1.0
flint_axe	AxeFlint	weapon	1	class=axe tier=1 durability=400 damage=6.0 speed=1.0
nord_axe	AxeGold	weapon	1	class=axe tier=6 durability=1600 damage=11.4 speed=1.0
thunderblood_axe	AxeGold_BloodLightning	weapon	1	class=axe tier=6 durability=1600 damage=12.1 speed=1.0
frostfire_axe	AxeGold_FrostFire	weapon	1	class=axe tier=6 durability=1600 damage=12.2 speed=1.0
iron_axe	AxeIron	weapon	1	class=axe tier=3 durability=700 damage=8.7 speed=1.0
jotun_bane	AxeJotunBane	weapon	1	class=axe tier=4 durability=1000 damage=10.5 speed=1.0
stone_axe	AxeStone	weapon	1	class=axe tier=0 durability=400 damage=5.3 speed=1.0
battleaxe	Battleaxe	weapon	1	class=battleaxe tier=3 durability=800 damage=9.1 speed=0.9
black_metal_battleaxe	BattleaxeBlackmetal	weapon	1	class=battleaxe tier=4 durability=800 damage=10.3 speed=0.9
crystal_battleaxe	BattleaxeCrystal	weapon	1	class=battleaxe tier=3 durability=800 damage=10.5 speed=0.9
nord_greataxe	BattleaxeGold	weapon	1	class=battleaxe tier=4 durability=1600 damage=11.6 speed=0.9
thunderblood_greataxe	BattleaxeGold_BloodLightning	weapon	1	class=battleaxe tier=4 durability=1600 damage=12.2 speed=0.9
frostfire_greataxe	BattleaxeGold_FrostFire	weapon	1	class=battleaxe tier=4 durability=1600 damage=12.3 speed=0.9
skull_splittur	BattleaxeSkullSplittur	weapon	1	class=battleaxe tier=4 durability=800 damage=10.7 speed=0.9
club	Club	weapon	1	class=club tier=0 durability=400 damage=4.7 speed=1.2
cultivator	Cultivator	weapon	1	class=tool tier=0 durability=800 damage=1.0 speed=1.0
paws_of_the_bear	FistBjornClaw	weapon	1	class=fist tier=3 durability=1200 damage=6.5 speed=2.2
vilebone_maulclaws	FistBjornUndeadClaw	weapon	1	class=fist tier=3 durability=1200 damage=9.5 speed=2.2
flesh_rippers	FistFenrirClaw	weapon	1	class=fist tier=3 durability=1200 damage=8.7 speed=2.2
nord_knucklechains	FistGold	weapon	1	class=fist tier=3 durability=1600 damage=10.3 speed=2.2
thunderblood_knucklechains	FistGold_BloodLightning	weapon	1	class=fist tier=3 durability=1600 damage=11.3 speed=2.2
frostfire_knucklechains	FistGold_FrostFire	weapon	1	class=fist tier=3 durability=1600 damage=11.5 speed=2.2
black_metal_knife	KnifeBlackMetal	weapon	1	class=knife tier=4 durability=800 damage=9.0 speed=2.0
butcher_knife	KnifeButcher	weapon	1	class=knife tier=1 durability=800 damage=1.0 speed=2.0
abyssal_razor	KnifeChitin	weapon	1	class=knife tier=3 durability=800 damage=7.7 speed=2.0
copper_knife	KnifeCopper	weapon	1	class=knife tier=1 durability=800 damage=6.4 speed=2.0
flint_knife	KnifeFlint	weapon	1	class=knife tier=0 durability=800 damage=4.3 speed=2.0
nord_dagger	KnifeGold	weapon	1	class=knife tier=4 durability=1600 damage=11.0 speed=2.0
thunderblood_dagger	KnifeGold_BloodLightning	weapon	1	class=knife tier=4 durability=1600 damage=11.8 speed=2.0
frostfire_dagger	KnifeGold_FrostFire	weapon	1	class=knife tier=4 durability=1600 damage=12.0 speed=2.0
silver_knife	KnifeSilver	weapon	1	class=knife tier=3 durability=800 damage=8.8 speed=2.0
skoll_and_hati	KnifeSkollAndHati	weapon	1	class=knife tier=4 durability=1000 damage=9.7 speed=2.0
bronze_mace	MaceBronze	weapon	1	class=club tier=1 durability=800 damage=7.4 speed=1.2
flametal_mace	MaceEldner	weapon	1	class=club tier=6 durability=1200 damage=10.8 speed=1.2
bloodgeon	MaceEldnerBlood	weapon	1	class=club tier=6 durability=1200 damage=10.8 speed=1.2
storm_star	MaceEldnerLightning	weapon	1	class=club tier=6 durability=1200 damage=10.9 speed=1.2
klossen	MaceEldnerNature	weapon	1	class=club tier=6 durability=1200 damage=10.9 speed=1.2
nord_mace	MaceGold	weapon	1	class=club tier=2 durability=1600 damage=11.3 speed=1.2
thunderblood_mace	MaceGold_BloodLightning	weapon	1	class=club tier=2 durability=1600 damage=12.0 speed=1.2
frostfire_mace	MaceGold_FrostFire	weapon	1	class=club tier=2 durability=1600 damage=12.2 speed=1.2
iron_mace	MaceIron	weapon	1	class=club tier=2 durability=800 damage=8.5 speed=1.2
porcupine	MaceNeedle	weapon	1	class=club tier=4 durability=600 damage=9.9 speed=1.2
frostner	MaceSilver	weapon	1	class=club tier=3 durability=800 damage=9.9 speed=1.2
antler_pickaxe	PickaxeAntler	weapon	1	class=pickaxe tier=0 durability=400 damage=5.7 speed=1.0
black_metal_pickaxe	PickaxeBlackMetal	weapon	1	class=pickaxe tier=3 durability=840 damage=8.2 speed=1.0
bronze_pickaxe	PickaxeBronze	weapon	1	class=pickaxe tier=1 durability=480 damage=6.5 speed=1.0
iron_pickaxe	PickaxeIron	weapon	1	class=pickaxe tier=2 durability=600 damage=7.2 speed=1.0
scythe	Scythe	weapon	1	class=tool tier=0 durability=800 damage=1.0 speed=1.0
snow_shovel	Shovel	weapon	1	class=shovel tier=0 durability=800 damage=1.0 speed=1.0
demolisher	SledgeDemolisher	weapon	1	class=sledge tier=5 durability=1000 damage=10.9 speed=0.7
nord_sledge	SledgeGold	weapon	1	class=sledge tier=5 durability=1600 damage=12.0 speed=0.7
thunderblood_sledge	SledgeGold_BloodLightning	weapon	1	class=sledge tier=5 durability=1600 damage=12.6 speed=0.7
frostfire_sledge	SledgeGold_FrostFire	weapon	1	class=sledge tier=5 durability=1600 damage=12.8 speed=0.7
iron_sledge	SledgeIron	weapon	1	class=sledge tier=2 durability=400 damage=8.5 speed=0.7
stagbreaker	SledgeStagbreaker	weapon	1	class=sledge tier=0 durability=400 damage=6.5 speed=0.7
bronze_spear	SpearBronze	weapon	1	class=spear tier=1 durability=400 damage=7.4 speed=1.4
carapace_spear	SpearCarapace	weapon	1	class=spear tier=5 durability=1000 damage=10.4 speed=1.4
abyssal_harpoon	SpearChitin	weapon	1	class=spear tier=3 durability=200 damage=4.3 speed=1.4
ancient_bark_spear	SpearElderbark	weapon	1	class=spear tier=2 durability=400 damage=8.5 speed=1.4
flint_spear	SpearFlint	weapon	1	class=spear tier=0 durability=400 damage=6.0 speed=1.4
nord_spear	SpearGold	weapon	1	class=spear tier=5 durability=1600 damage=11.3 speed=1.4
thunderblood_spear	SpearGold_BloodLightning	weapon	1	class=spear tier=5 durability=1600 damage=12.0 speed=1.4
frostfire_spear	SpearGold_FrostFire	weapon	1	class=spear tier=5 durability=1600 damage=12.3 speed=1.4
splitnir	SpearSplitner	weapon	1	class=spear tier=5 durability=1200 damage=10.8 speed=1.4
splitnir_the_bleeding	SpearSplitner_Blood	weapon	1	class=spear tier=5 durability=1200 damage=10.8 speed=1.4
splitnir_the_storming	SpearSplitner_Lightning	weapon	1	class=spear tier=5 durability=1200 damage=10.9 speed=1.4
splitnir_the_primal	SpearSplitner_Nature	weapon	1	class=spear tier=5 durability=1200 damage=10.9 speed=1.4
fang_spear	SpearWolfFang	weapon	1	class=spear tier=3 durability=400 damage=9.3 speed=1.4
black_metal_sword	SwordBlackmetal	weapon	1	class=sword tier=4 durability=800 damage=9.9 speed=1.6
bronze_sword	SwordBronze	weapon	1	class=sword tier=1 durability=800 damage=7.4 speed=1.6
dyrnwyn	SwordDyrnwyn	weapon	1	class=sword tier=6 durability=1200 damage=11.1 speed=1.6
nord_sword	SwordGold	weapon	1	class=sword tier=6 durability=1600 damage=11.3 speed=1.6
thunderblood_sword	SwordGold_BloodLightning	weapon	1	class=sword tier=6 durability=1600 damage=12.0 speed=1.6
frostfire_sword	SwordGold_FrostFire	weapon	1	class=sword tier=6 durability=1600 damage=12.2 speed=1.6
iron_sword	SwordIron	weapon	1	class=sword tier=2 durability=800 damage=8.5 speed=1.6
mistwalker	SwordMistwalker	weapon	1	class=sword tier=5 durability=1000 damage=10.4 speed=1.6
nidhogg	SwordNiedhogg	weapon	1	class=sword tier=6 durability=1200 damage=10.8 speed=1.6
nidhogg_the_bleeding	SwordNiedhoggBlood	weapon	1	class=sword tier=6 durability=1200 damage=10.8 speed=1.6
nidhogg_the_thundering	SwordNiedhoggLightning	weapon	1	class=sword tier=6 durability=1200 damage=10.9 speed=1.6
nidhogg_the_primal	SwordNiedhoggNature	weapon	1	class=sword tier=6 durability=1200 damage=10.9 speed=1.6
silver_sword	SwordSilver	weapon	1	class=sword tier=3 durability=800 damage=10.1 speed=1.6
wooden_sword	SwordWood	weapon	1	class=sword tier=1 durability=800 damage=1.0 speed=1.6
nord_greatsword	THSwordGold	weapon	1	class=greatsword tier=5 durability=1600 damage=11.9 speed=1.1
thunderblood_greatsword	THSwordGold_BloodLightning	weapon	1	class=greatsword tier=5 durability=1600 damage=12.4 speed=1.1
frostfire_greatsword	THSwordGold_FrostFire	weapon	1	class=greatsword tier=5 durability=1600 damage=12.6 speed=1.1
krom	THSwordKrom	weapon	1	class=greatsword tier=5 durability=1000 damage=11.0 speed=1.1
slayer	THSwordSlayer	weapon	1	class=greatsword tier=6 durability=1200 damage=11.3 speed=1.1
brutal_slayer	THSwordSlayerBlood	weapon	1	class=greatsword tier=6 durability=1200 damage=11.3 speed=1.1
scourging_slayer	THSwordSlayerLightning	weapon	1	class=greatsword tier=6 durability=1200 damage=11.5 speed=1.1
primal_slayer	THSwordSlayerNature	weapon	1	class=greatsword tier=6 durability=1200 damage=11.5 speed=1.1
